CREATE DATABASE ORG;
SHOW DATABASES;
USE ORG;

CREATE TABLE Worker(
    WORKER_ID INT PRIMARY KEY,
    FIRST_NAME VARCHAR(255),
    LAST_NAME VARCHAR(255),
    JOINING_DATE DATETIME,
    SALARY INT,
    DEPARTMENT VARCHAR(255)
);

INSERT INTO Worker(WORKER_ID, FIRST_NAME, LAST_NAME,JOINING_DATE, SALARY, DEPARTMENT) VALUES
(1, 'Monika', 'Arora', '2014-02-20 09:00:00', 100000, 'HR'),
(2, 'Niharika', 'Verma', '2014-06-11 09:00:00', 80000, 'Admin'),
(3, 'Vishal', 'Singhal', '2014-02-20 09:00:00', 300000, 'HR'),
(4, 'Amitabh', 'Singh', '2014-02-20 09:00:00', 500000, 'Admin'),
(5, 'Vivek', 'Bhati', '2014-06-11 09:00:00', 500000, 'Admin'),
(6, 'Vipul', 'Diwan', '2014-06-11 09:00:00', 200000, 'Account'),
(7, 'Satish', 'Kumar', '2014-01-20 09:00:00', 75000, 'Account'),
(8, 'Geetika', 'Chauhan', '2014-04-11 09:00:00', 90000, 'Admin');

SELECT * FROM Worker;


CREATE TABLE Bonus(
    WORKER_REF_ID INT,
    BONUS_AMOUNT INT,
    BONUS_DATE DATETIME,
    FOREIGN KEY(WORKER_REF_ID) REFERENCES Worker(WORKER_ID) ON DELETE CASCADE
);

INSERT INTO Bonus(WORKER_REF_ID, BONUS_AMOUNT, BONUS_DATE) VALUES
(1, 5000, '2016-02-20 09:00:00'),
(2, 3000, '2016-06-11 09:00:00'),
(3, 4000, '2016-02-20 09:00:00'),
(1, 4500, '2016-02-20 09:00:00'),
(2, 3500, '2016-06-11 09:00:00');

SELECT * FROM Bonus;

CREATE TABLE Title(
    WORKER_REF_ID INT,
    WORKER_TITLE VARCHAR(255),
    AFFECTED_FROM DATETIME,
    FOREIGN KEY(WORKER_REF_ID) REFERENCES Worker(WORKER_ID) ON DELETE CASCADE
);

INSERT INTO Title(WORKER_REF_ID, WORKER_TITLE, AFFECTED_FROM) VALUES
(1, 'Manager', '2016-02-20 09:00:00'),
(2, 'Executive', '2016-06-11 09:00:00'),
(8, 'Executive', '2016-06-11 09:00:00'),
(5, 'Lead', '2016-06-11 09:00:00'),
(4, 'Lead', '2016-06-11 09:00:00'),
(7, 'Lead', '2016-06-11 09:00:00'),
(3, 'Executive', '2016-06-11 09:00:00'),
(6, 'Manager', '2016-06-11 09:00:00');

SELECT * FROM Title;